/*
 добавление тестовых данных в address
 */
INSERT INTO address (id, full_address, street, house, postcode, city, region, country, flat)
VALUES (4, 'г. Саргатское, ул. Госпитальная пл, дом 144, квартира 93', 'Госпитальная', '144', '452098', 'Саргатское', 'Омская область', 'РФ', '93'),
       (5, 'г. Сыктывкар, ул. Морозова пл, дом 100, квартира 515', 'Госпитальная', '100', '102000', 'Сыктывкар', 'Республика Коми', 'РФ', '515'),
       (6, 'г. Сыктывкар, ул. Морозова пл, дом 100, квартира 15', 'Госпитальная', '100', '102000', 'Сыктывкар', 'Республика Коми', 'РФ', '15'),
       (7, 'г. Сыктывкар, ул. Морозова пл, дом 100, квартира 51', 'Госпитальная', '100', '102000', 'Сыктывкар', 'Республика Коми', 'РФ', '51'),
       (8, 'г. Сыктывкар, ул. Морозова пл, дом 100, квартира 525', 'Госпитальная', '100', '102000', 'Сыктывкар', 'Республика Коми', 'РФ', '525'),
       (9, 'г. Сыктывкар, ул. Морозова пл, дом 100, квартира 535', 'Госпитальная', '100', '102000', 'Сыктывкар', 'Республика Коми', 'РФ', '535'),
       (10, 'г. Сыктывкар, ул. Морозова пл, дом 100, квартира 545', 'Госпитальная', '100', '102000', 'Сыктывкар', 'Республика Коми', 'РФ', '545'),
       (11, 'г. Саргатское, ул. Госпитальная пл, дом 144, квартира 33', 'Госпитальная', '144', '452098', 'Саргатское', 'Омская область', 'РФ', '33');

/*
 добавление тестовых данных в employee
 */
INSERT INTO employee (id, first_name, last_name, middle_name, address, photo_url, fio_dative, fio_nominative, fio_genitive, external_id, phone, work_phone,
                      birth_date, username, creation_date, archived_date, address_id, department_id, email)
VALUES (4, 'Иван', 'Иванов', 'Денисович', 'г. Боровичи, ул. Вознесенский проезд, дом 178, квартира 695', 'https://randus.org/photos/m/00041c1efee63ce7.jpg',
        'Иванову Ивану Денисовичу', 'Иванов Иван Денисович', 'Иванова Ивана Денисовича', 'afddd690-7c0a-44e5-8002-d8ad4908477c', '89340472732', '89340472732',
        '1988-11-17', 'IvanIvanov123', '2023-07-09 20:48:55.847000 +00:00', '2023-07-13 20:49:00.119000 +00:00', 4, 1, 'example4@example.com'),
       (5, 'Петр', 'Жуков', 'Александрович', 'г. Нижние Серги, ул. Новоцарицынское ш, дом 34, квартира 115',
        'https://randus.org/photos/m/c0809cbc3e3c5c1e.jpg', 'Жукову Петру Александровичу', 'Жуков Петр Александрович', 'Жукова Петра Александровича',
        'd9625870-9304-4f3d-a5bc-d102dcb22b6d', '89132389466', '89132389466', '1990-06-07', 'PetrZhukov666', '2023-07-20 20:41:44.080000 +00:00',
        '2023-07-20 20:41:46.375000 +00:00', 5, 1, 'example5@example.com'),
       (6, 'Иван', 'Жуков', 'Александрович', 'г. Нижние Серги, ул. Новоцарицынское ш, дом 34, квартира 115',
        'https://randus.org/photos/m/c0809cbc3e3c5c1e.jpg', 'Жукову Ивану Александровичу', 'Жуков Иван Александрович', 'Жукова Ивана Александровича',
        'd9625870-9304-4f3d-a5bc-d102dcb22b6d', '89132389466', '89132389466', '1990-06-07', 'IvanZhukov666', '2023-07-20 20:41:44.080000 +00:00',
        '2023-07-20 20:41:46.375000 +00:00', 6, 1, 'example6@example.com'),
       (7, 'Петр', 'Петров', 'Александрович', 'г. Нижние Серги, ул. Новоцарицынское ш, дом 34, квартира 115',
        'https://randus.org/photos/m/c0809cbc3e3c5c1e.jpg', 'Петрову Петру Александровичу', 'Петров Петр Александрович', 'Петрова Петра Александровича',
        'd9625870-9304-4f3d-a5bc-d102dcb22b6d', '89132389466', '89132389466', '1990-06-07', 'PetrPetrov666', '2023-07-20 20:41:44.080000 +00:00',
        '2023-07-20 20:41:46.375000 +00:00', 7, 1, 'example7@example.com'),
       (8, 'Петр', 'Иванов', 'Александрович', 'г. Нижние Серги, ул. Новоцарицынское ш, дом 34, квартира 115',
        'https://randus.org/photos/m/c0809cbc3e3c5c1e.jpg', 'Иванову Петру Александровичу', 'Иванов Петр Александрович', 'Иванова Петра Александровича',
        'd9625870-9304-4f3d-a5bc-d102dcb22b6d', '89132389466', '89132389466', '1990-06-07', 'PetrIvanov666', '2023-07-20 20:41:44.080000 +00:00',
        '2023-07-20 20:41:46.375000 +00:00', 8, 1, 'example8@example.com'),
       (9, 'Петр', 'Сидоров', 'Александрович', 'г. Нижние Серги, ул. Новоцарицынское ш, дом 34, квартира 115',
        'https://randus.org/photos/m/c0809cbc3e3c5c1e.jpg', 'Сидорову Петру Александровичу', 'Сидоров Петр Александрович', 'Сидорова Петра Александровича',
        'd9625870-9304-4f3d-a5bc-d102dcb22b6d', '89132389466', '89132389466', '1990-06-07', 'PetrSidorov666', '2023-07-20 20:41:44.080000 +00:00',
        '2023-07-20 20:41:46.375000 +00:00', 9, 1, 'example9@example.com'),
       (10, 'Петр', 'Жуков', 'Иванович', 'г. Нижние Серги, ул. Новоцарицынское ш, дом 34, квартира 115',
        'https://randus.org/photos/m/c0809cbc3e3c5c1e.jpg', 'Жукову Петру Ивановичу', 'Жуков Петр Иванович', 'Жукова Петра Ивановича',
        'd9625870-9304-4f3d-a5bc-d102dcb22b6d', '89132389466', '89132389466', '1990-06-07', 'PetrZhukovIvanovich', '2023-07-20 20:41:44.080000 +00:00',
        '2023-07-20 20:41:46.375000 +00:00', 10, 1, 'example10@example.com'),
       (11, 'Мария', 'Волощук', 'Эдуардовна', 'г. Щегловка, ул. Шуберта, дом 71, квартира 497', 'https://randus.org/photos/w/0c0c3c1a3d3d393b.jpg',
        'Волощук Марии Эдуардовне', 'Волощук Мария Эдуардовна', 'Волощук Марии Эдуардовны', 'd286f885-d816-4b43-8e52-e39794990ab6', '89948693786',
        '89948693786', '1993-06-10', 'MaryVoloshtuk883', '2023-07-20 20:45:22.653000 +00:00', '2023-07-20 20:45:24.464000 +00:00', 11, 1, 'example11@example.com');

/*
 добавление тестовых данных в appeal
 */
INSERT INTO appeal (id, creation_date, archived_date, number, annotation, creator_id, nomenclature_id)
VALUES (3, '2024-02-21 21:16:54.000000', null, '2', 'appeal for ТЕСТ agreement list', 1, 1);

/*
 добавление тестовых данных в agreement_list
 */
INSERT INTO participant (id, type, status, create_date, until_date, accept_date, expired_date, number, employee_id)
VALUES (1, 'INITIATOR', 'ACTIVE', '2024-02-20 21:16:54.000000', '2024-03-21 21:17:30.000000', '2024-02-20 21:16:54.000000', '2024-03-21 21:17:30.000000', 1, 2);
INSERT INTO agreement_list (id, creation_date, comment, appeal_id, initiator_id)
VALUES (1, '2024-02-21 21:16:54.000000', 'TEST agreement list', 2, 1);

/*
 добавление тестовых данных в matching_block
 */
INSERT INTO matching_block (id, number, type, agreement_list_id, approval_block_type)
VALUES (1, 1, 'PARALLEL', 1, 'SIGNER_BLOCK'),
       (2, 2, 'PARALLEL', 1, 'SIGNER_BLOCK'),
       (3, 2, 'ALTERNATE', 1, 'SIGNER_BLOCK'),
       (4, 1, 'ALTERNATE', 1, 'SIGNER_BLOCK'),
       (5, 3, 'PARALLEL', 1, 'PARTICIPANT_BLOCK');

/*
 добавление тестовых данных в participant
 */
INSERT INTO participant (id, type, status, matching_block_id, create_date, until_date, accept_date, expired_date, number, employee_id)
VALUES (2, 'SIGNER', 'PASSIVE', 1, '2024-02-21 21:16:54.000000', '2024-03-21 21:17:30.000000', '2024-02-20 21:16:54.000000', '2024-03-21 21:17:30.000000', 1, 2),
       (3, 'SIGNER', 'PASSIVE', 1, '2024-02-21 21:16:54.000000', '2024-03-21 21:17:30.000000', '2024-02-20 21:16:54.000000', '2024-03-21 21:17:30.000000', 2, 3),
       (4, 'SIGNER', 'PASSIVE', 2, '2024-02-21 21:16:54.000000', '2024-03-21 21:17:30.000000', '2024-02-20 21:16:54.000000', '2024-03-21 21:17:30.000000', 3, 4),
       (5, 'SIGNER', 'PASSIVE', 2, '2024-02-21 21:16:54.000000', '2024-03-21 21:17:30.000000', '2024-02-20 21:16:54.000000', '2024-03-21 21:17:30.000000', 4, 5),
       (6, 'SIGNER', 'PASSIVE', 3, '2024-02-21 21:16:54.000000', '2024-03-21 21:17:30.000000', '2024-02-20 21:16:54.000000', '2024-03-21 21:17:30.000000', 5, 6),
       (7, 'SIGNER', 'PASSIVE', 3, '2024-02-21 21:16:54.000000', '2024-03-21 21:17:30.000000', '2024-02-20 21:16:54.000000', '2024-03-21 21:17:30.000000', 6, 7),
       (8, 'SIGNER', 'PASSIVE', 4, '2024-02-21 21:16:54.000000', '2024-03-21 21:17:30.000000', '2024-02-20 21:16:54.000000', '2024-03-21 21:17:30.000000', 7, 8),
       (9, 'SIGNER', 'PASSIVE', 4, '2024-02-21 21:16:54.000000', '2024-03-21 21:17:30.000000', '2024-02-20 21:16:54.000000', '2024-03-21 21:17:30.000000', 8, 9),
       (10, 'PARTICIPANT', 'PASSIVE', 5, '2024-02-21 21:16:54.000000', '2024-03-21 21:17:30.000000', '2024-02-20 21:16:54.000000', '2024-03-21 21:17:30.000000', 2, 10),
       (11, 'PARTICIPANT', 'PASSIVE', 5, '2024-02-21 21:16:54.000000', '2024-03-21 21:17:30.000000', '2024-02-20 21:16:54.000000', '2024-03-21 21:17:30.000000', 1, 11);